,,,lyapunov,lyapunov,lyapunov,lyapunov,normalized_lyapunov,normalized_lyapunov,asymptotic_bound,asymptotic_bound,tracking_error,tracking_error,is_stabilized,has_finite_bound,runtime,runtime
,,,mean,std,min,max,mean,std,mean,std,mean,std,mean,mean,mean,std
algorithm,rho,A,,,,,,,,,,,,,,
AMSGrad,0.2,0.001,0.0038,0.0005,0.0032,0.0045,,,0.2289,0.1166,,,1.0,1.0,0.0843,0.0009
AMSGrad,0.2,0.01,0.0617,0.0106,0.0537,0.08,,,0.2289,0.1166,,,1.0,1.0,0.0942,0.0156
AMSGrad,0.2,0.1,58.0627,0.2655,57.8519,58.5015,,,66.3298,0.2762,,,1.0,1.0,0.0846,0.0013
AMSGrad,0.2,0.3,67.2039,0.2087,66.9979,67.5525,,,72.422,0.2083,,,1.0,1.0,0.0853,0.0019
AMSGrad,0.2,0.6,67.1435,0.2009,66.8977,67.4407,,,74.6481,0.1999,,,1.0,1.0,0.084,0.001
AMSGrad,0.2,1.0,67.1155,0.1952,66.8563,67.3748,,,75.8788,0.1968,,,1.0,1.0,0.092,0.0125
AMSGrad,0.5,0.001,0.0,0.0,0.0,0.0,,,0.1148,0.0687,,,1.0,1.0,0.0743,0.0014
AMSGrad,0.5,0.01,0.0035,0.002,0.0017,0.0069,,,0.1148,0.0687,,,1.0,1.0,0.0761,0.0027
AMSGrad,0.5,0.1,99.742,0.6473,99.2535,100.7562,,,117.9398,0.6897,,,0.6,1.0,0.0741,0.0011
AMSGrad,0.5,0.3,122.8596,0.4872,122.2386,123.5926,,,137.5364,0.4985,,,0.0,1.0,0.0758,0.0017
AMSGrad,0.5,0.6,124.6952,0.4593,124.0686,125.2185,,,144.8374,0.4763,,,0.0,1.0,0.0736,0.0017
AMSGrad,0.5,1.0,125.8137,0.5016,125.1162,126.2945,,,148.7712,0.5252,,,0.0,1.0,0.0735,0.0007
AMSGrad,1.0,0.001,0.0,0.0,0.0,0.0,,,0.0378,0.0275,,,1.0,1.0,0.0686,0.0066
AMSGrad,1.0,0.01,0.0053,0.0032,0.001,0.0097,,,0.0378,0.0275,,,1.0,1.0,0.0641,0.0016
AMSGrad,1.0,0.1,255.1197,2.5348,251.3877,257.8517,,,318.5901,2.8932,,,0.0,1.0,0.0638,0.0007
AMSGrad,1.0,0.3,345.8672,2.2168,343.5267,348.5871,,,407.1849,2.3292,,,0.0,1.0,0.0724,0.0063
AMSGrad,1.0,0.6,358.5037,2.479,355.867,361.1522,,,441.7843,2.7047,,,0.0,1.0,0.0683,0.0062
AMSGrad,1.0,1.0,365.6415,2.6757,362.6496,368.2265,,,460.0633,2.9744,,,0.0,1.0,0.0701,0.0135
AcceleratedSPSA,0.2,0.001,6.5509,1.1794,5.4704,8.4097,,,9.611,2.1741,,,1.0,1.0,0.088,0.0009
AcceleratedSPSA,0.2,0.01,7.5005,0.705,6.5961,8.4522,,,11.1971,2.2008,,,1.0,1.0,0.0898,0.0027
AcceleratedSPSA,0.2,0.1,68.8593,4.5491,61.3445,73.647,,,80.6477,5.6973,,,1.0,1.0,0.0923,0.004
AcceleratedSPSA,0.2,0.3,78.2785,4.6623,70.5678,83.1705,,,83.771,3.7201,,,1.0,1.0,0.0968,0.0173
AcceleratedSPSA,0.2,0.6,78.2675,4.6595,70.5675,83.1642,,,84.1864,3.1958,,,1.0,1.0,0.088,0.0009
AcceleratedSPSA,0.2,1.0,78.2682,4.6483,70.5815,83.1493,,,84.1867,3.1849,,,1.0,1.0,0.0899,0.0036
AcceleratedSPSA,0.5,0.001,7.3519,1.2796,5.7374,9.1481,,,10.3241,1.9679,,,1.0,1.0,0.0904,0.0112
AcceleratedSPSA,0.5,0.01,8.5927,1.4185,7.0575,10.7439,,,11.9019,1.8468,,,1.0,1.0,0.0806,0.0008
AcceleratedSPSA,0.5,0.1,119.3611,11.6217,99.5824,129.9883,,,146.0091,14.2488,,,0.2,1.0,0.0922,0.0207
AcceleratedSPSA,0.5,0.3,134.4103,11.6609,114.2303,143.9226,,,154.9631,2.4527,,,0.0,1.0,0.0792,0.0011
AcceleratedSPSA,0.5,0.6,132.1366,10.9055,113.2437,141.105,,,159.3253,2.4074,,,0.0,1.0,0.0805,0.0014
AcceleratedSPSA,0.5,1.0,131.3996,9.8927,113.7991,137.2071,,,161.7475,1.529,,,0.0,1.0,0.0798,0.002
AcceleratedSPSA,1.0,0.001,10.7081,2.1302,7.7143,13.0652,,,16.0303,2.9579,,,1.0,1.0,0.0693,0.0014
AcceleratedSPSA,1.0,0.01,11.9529,2.4569,9.2749,15.925,,,17.0217,2.2022,,,1.0,1.0,0.0696,0.0011
AcceleratedSPSA,1.0,0.1,187.6143,94.8416,104.7265,342.7314,,,251.356,125.8571,,,0.0,1.0,0.0688,0.0008
AcceleratedSPSA,1.0,0.3,144.232,87.388,60.3426,264.2053,,,385.9051,78.2337,,,0.4,1.0,0.0687,0.0017
AcceleratedSPSA,1.0,0.6,126.4795,67.609,49.5589,228.2495,,,469.7668,32.0658,,,0.4,1.0,0.0677,0.0015
AcceleratedSPSA,1.0,1.0,132.2566,68.3915,61.8634,242.5771,,,501.7829,57.7968,,,0.2,1.0,0.07,0.0026
Adam,0.2,0.001,0.0087,0.0047,0.0062,0.0172,,,0.2289,0.1166,,,1.0,1.0,0.0942,0.0091
Adam,0.2,0.01,1.8184,0.2355,1.5574,2.1631,,,2.0599,0.2446,,,1.0,1.0,0.0842,0.0005
Adam,0.2,0.1,65.6162,0.3387,65.2475,65.917,,,74.3432,0.346,,,1.0,1.0,0.0838,0.001
Adam,0.2,0.3,74.9907,0.3549,74.6063,75.3077,,,77.6543,0.3535,,,1.0,1.0,0.0851,0.0006
Adam,0.2,0.6,74.9879,0.3571,74.6007,75.3127,,,78.4355,0.355,,,1.0,1.0,0.0911,0.0036
Adam,0.2,1.0,74.9876,0.3561,74.5998,75.3129,,,78.7561,0.3571,,,1.0,1.0,0.0891,0.0079
Adam,0.5,0.001,0.0001,0.0001,0.0,0.0001,,,0.1148,0.0687,,,1.0,1.0,0.0754,0.0009
Adam,0.5,0.01,1.1778,0.1858,0.9819,1.4629,,,1.3426,0.1988,,,1.0,1.0,0.0864,0.0092
Adam,0.5,0.1,121.8966,0.8186,120.984,122.6206,,,142.3187,0.8652,,,0.0,1.0,0.0744,0.0014
Adam,0.5,0.3,145.4155,0.8712,144.4541,146.1975,,,153.0947,0.8805,,,0.0,1.0,0.0853,0.0118
Adam,0.5,0.6,146.2842,0.8744,145.3227,147.0838,,,155.6909,0.8883,,,0.0,1.0,0.073,0.0008
Adam,0.5,1.0,146.7334,0.8759,145.7702,147.5413,,,156.7232,0.8923,,,0.0,1.0,0.0745,0.0007
Adam,1.0,0.001,0.0004,0.0002,0.0001,0.0006,,,0.0378,0.0275,,,1.0,1.0,0.0649,0.0018
Adam,1.0,0.01,0.6243,0.1737,0.4397,0.849,,,0.7223,0.1938,,,1.0,1.0,0.0654,0.0015
Adam,1.0,0.1,346.3237,3.276,342.5192,349.1583,,,424.6903,3.6353,,,0.0,1.0,0.0644,0.0011
Adam,1.0,0.3,442.567,3.6098,438.5723,445.5291,,,476.4978,3.7486,,,0.0,1.0,0.0645,0.0015
Adam,1.0,0.6,448.5629,3.6348,444.5924,451.7053,,,489.1104,3.7984,,,0.0,1.0,0.064,0.0018
Adam,1.0,1.0,451.466,3.6488,447.4674,454.6954,,,493.9929,3.8189,,,0.0,1.0,0.0635,0.0016
AdamW,0.2,0.001,0.0102,0.005,0.0075,0.019,,,0.2289,0.1166,,,1.0,1.0,0.0907,0.0019
AdamW,0.2,0.01,1.845,0.2351,1.5853,2.1908,,,2.0927,0.2442,,,1.0,1.0,0.0857,0.0014
AdamW,0.2,0.1,65.6586,0.3381,65.2908,65.9598,,,74.3962,0.3453,,,1.0,1.0,0.0854,0.0018
AdamW,0.2,0.3,75.0334,0.3544,74.6497,75.3496,,,77.66,0.3532,,,1.0,1.0,0.0855,0.0019
AdamW,0.2,0.6,75.0305,0.3568,74.6438,75.3546,,,78.4369,0.3549,,,1.0,1.0,0.0857,0.0026
AdamW,0.2,1.0,75.0301,0.3558,74.6428,75.3549,,,78.7567,0.357,,,1.0,1.0,0.085,0.0016
AdamW,0.5,0.001,0.0001,0.0001,0.0,0.0002,,,0.1148,0.0687,,,1.0,1.0,0.0754,0.001
AdamW,0.5,0.01,1.1817,0.186,0.9858,1.4673,,,1.3474,0.199,,,1.0,1.0,0.0782,0.0038
AdamW,0.5,0.1,121.9003,0.8191,120.9872,122.625,,,142.3232,0.8658,,,0.0,1.0,0.0764,0.0006
AdamW,0.5,0.3,145.4189,0.8714,144.4572,146.201,,,153.0953,0.8806,,,0.0,1.0,0.0798,0.0026
AdamW,0.5,0.6,146.2876,0.8745,145.3259,147.0872,,,155.691,0.8883,,,0.0,1.0,0.0795,0.0081
AdamW,0.5,1.0,146.7368,0.876,145.7735,147.5446,,,156.7233,0.8923,,,0.0,1.0,0.0754,0.001
AdamW,1.0,0.001,0.0004,0.0002,0.0001,0.0007,,,0.0378,0.0275,,,1.0,1.0,0.0642,0.0018
AdamW,1.0,0.01,0.6273,0.175,0.4413,0.8541,,,0.7259,0.1953,,,1.0,1.0,0.0674,0.002
AdamW,1.0,0.1,346.3283,3.2775,342.521,349.1687,,,424.6955,3.6371,,,0.0,1.0,0.0659,0.0021
AdamW,1.0,0.3,442.5711,3.6102,438.5741,445.5304,,,476.4991,3.7487,,,0.0,1.0,0.0637,0.0019
AdamW,1.0,0.6,448.5668,3.6351,444.5975,451.7066,,,489.111,3.7984,,,0.0,1.0,0.0644,0.0011
AdamW,1.0,1.0,451.4698,3.6489,447.4723,454.6968,,,493.9933,3.8188,,,0.0,1.0,0.0649,0.0014
AdaptiveLR,0.2,0.001,0.0039,0.0004,0.0034,0.0045,,,0.2289,0.1166,,,1.0,1.0,0.0878,0.0121
AdaptiveLR,0.2,0.01,0.0486,0.001,0.0479,0.0504,,,0.2289,0.1166,,,1.0,1.0,0.0818,0.002
AdaptiveLR,0.2,0.1,37.4319,0.2544,37.1183,37.6758,,,42.3801,0.2606,,,1.0,1.0,0.0808,0.001
AdaptiveLR,0.2,0.3,45.8666,0.3285,45.464,46.1563,,,66.5697,0.3196,,,1.0,1.0,0.0828,0.0021
AdaptiveLR,0.2,0.6,45.8223,0.3471,45.3988,46.1399,,,72.8331,0.3277,,,1.0,1.0,0.0892,0.0103
AdaptiveLR,0.2,1.0,45.8077,0.3542,45.3749,46.1396,,,75.4277,0.3524,,,1.0,1.0,0.0813,0.0019
AdaptiveLR,0.5,0.001,0.0005,0.0,0.0005,0.0005,,,0.1148,0.0687,,,1.0,1.0,0.0714,0.001
AdaptiveLR,0.5,0.01,0.0004,0.0,0.0004,0.0004,,,0.1148,0.0687,,,1.0,1.0,0.0703,0.0008
AdaptiveLR,0.5,0.1,0.2369,0.0007,0.2364,0.2382,,,0.24,0.0008,,,1.0,1.0,0.0724,0.0026
AdaptiveLR,0.5,0.3,0.0005,0.0,0.0005,0.0005,,,46.7909,0.2426,,,1.0,1.0,0.071,0.001
AdaptiveLR,0.5,0.6,0.0005,0.0,0.0005,0.0005,,,94.473,0.4857,,,1.0,1.0,0.0749,0.0029
AdaptiveLR,0.5,1.0,0.0005,0.0,0.0005,0.0005,,,118.6788,0.6023,,,1.0,1.0,0.0696,0.0008
AdaptiveLR,1.0,0.001,0.0,0.0,0.0,0.0,,,0.0378,0.0275,,,1.0,1.0,0.0696,0.0072
AdaptiveLR,1.0,0.01,0.001,0.0007,0.0002,0.0018,,,0.0378,0.0275,,,1.0,1.0,0.0677,0.0046
AdaptiveLR,1.0,0.1,0.28,0.2049,0.0665,0.53,,,0.283,0.2063,,,1.0,1.0,0.0621,0.0023
AdaptiveLR,1.0,0.3,0.0,0.0,0.0,0.0,,,74.3464,13.9482,,,1.0,1.0,0.0619,0.0025
AdaptiveLR,1.0,0.6,0.0,0.0,0.0,0.0,,,235.9274,16.5465,,,1.0,1.0,0.0597,0.0014
AdaptiveLR,1.0,1.0,0.0,0.0,0.0,0.0,,,331.8792,13.1523,,,1.0,1.0,0.0594,0.001
CMAES,0.2,0.001,0.3528,0.0884,0.2203,0.4631,,,0.3842,0.0833,,,1.0,1.0,0.0901,0.01
CMAES,0.2,0.01,4.36,0.1328,4.2421,4.5239,,,4.9445,0.1485,,,1.0,1.0,0.0842,0.0009
CMAES,0.2,0.1,69.7031,0.2201,69.4377,69.9563,,,78.9777,0.2315,,,1.0,1.0,0.0856,0.0014
CMAES,0.2,0.3,79.174,0.1793,78.9738,79.3802,,,79.2349,0.1949,,,1.0,1.0,0.0931,0.004
CMAES,0.2,0.6,79.1514,0.207,78.9056,79.3709,,,79.2589,0.2327,,,1.0,1.0,0.0844,0.0011
CMAES,0.2,1.0,79.1883,0.2179,78.9933,79.4809,,,79.2972,0.2616,,,1.0,1.0,0.0843,0.0009
CMAES,0.5,0.001,0.1934,0.0512,0.1089,0.2348,,,0.2145,0.0505,,,1.0,1.0,0.0809,0.0048
CMAES,0.5,0.01,4.1942,0.1936,3.9846,4.4045,,,4.9018,0.1996,,,1.0,1.0,0.077,0.0037
CMAES,0.5,0.1,134.8225,0.5184,134.1396,135.419,,,157.4604,0.5449,,,0.0,1.0,0.0833,0.0023
CMAES,0.5,0.3,157.7584,0.494,157.1335,158.2675,,,158.0197,0.5367,,,0.0,1.0,0.0749,0.0016
CMAES,0.5,0.6,157.5688,0.5982,156.9922,158.3595,,,158.0414,0.5266,,,0.0,1.0,0.074,0.0014
CMAES,0.5,1.0,157.6029,0.5066,157.0307,158.1387,,,157.9999,0.5564,,,0.0,1.0,0.0893,0.0137
CMAES,1.0,0.001,0.0778,0.0209,0.0423,0.0942,,,0.0876,0.0209,,,1.0,1.0,0.0641,0.0015
CMAES,1.0,0.01,3.9531,0.2153,3.7634,4.1922,,,4.8526,0.2449,,,1.0,1.0,0.0686,0.0058
CMAES,1.0,0.1,405.0619,2.1366,402.5784,407.5443,,,497.2983,2.2781,,,0.0,1.0,0.0707,0.0115
CMAES,1.0,0.3,498.0372,2.3443,495.3091,500.6421,,,499.4732,2.3655,,,0.0,1.0,0.0715,0.019
CMAES,1.0,0.6,497.4271,2.2222,495.0159,500.2413,,,499.6198,2.2362,,,0.0,1.0,0.0625,0.0011
CMAES,1.0,1.0,497.357,2.1681,494.9797,499.8838,,,499.4677,2.3584,,,0.0,1.0,0.068,0.0098
FDSA,0.2,0.001,6.0647,4.6512,0.9208,12.8132,,,12.9775,9.7932,,,1.0,1.0,0.0784,0.0011
FDSA,0.2,0.01,8.6695,4.6852,4.852,16.3112,,,14.2178,9.4285,,,1.0,1.0,0.0787,0.002
FDSA,0.2,0.1,70.3121,7.9187,59.9275,82.0599,,,84.628,11.0436,,,1.0,1.0,0.0824,0.0054
FDSA,0.2,0.3,79.6107,9.6286,68.2706,94.7205,,,86.3713,14.1917,,,1.0,1.0,0.0813,0.0072
FDSA,0.2,0.6,79.6854,11.7622,69.1886,99.3735,,,88.2107,18.4819,,,1.0,1.0,0.0786,0.0022
FDSA,0.2,1.0,80.5734,14.6214,69.1813,105.8595,,,90.5283,24.5066,,,0.8,1.0,0.0782,0.002
FDSA,0.5,0.001,6.5801,5.6896,0.6385,14.8154,,,18.7172,16.3463,,,1.0,1.0,0.0751,0.0023
FDSA,0.5,0.01,8.7861,5.2296,3.6468,16.5799,,,19.8824,16.5554,,,1.0,1.0,0.0688,0.0007
FDSA,0.5,0.1,117.3161,12.9341,103.4722,131.4497,,,145.6335,14.0551,,,0.0,1.0,0.0922,0.0223
FDSA,0.5,0.3,138.6662,15.9784,116.407,152.7664,,,177.9157,48.4612,,,0.0,1.0,0.069,0.0016
FDSA,0.5,0.6,154.4938,29.2856,109.7034,191.2613,,,218.0446,131.006,,,0.0,1.0,0.0676,0.0012
FDSA,0.5,1.0,207.6603,73.9699,116.1461,299.1605,,,395.2236,261.9303,,,0.0,1.0,0.0802,0.0074
FDSA,1.0,0.001,9.3321,9.5369,0.4122,22.9109,,,36.8369,38.0675,,,1.0,1.0,0.0566,0.0008
FDSA,1.0,0.01,13.1632,10.0789,3.5065,28.238,,,39.3601,40.2304,,,1.0,1.0,0.0599,0.0025
FDSA,1.0,0.1,352.8734,53.1578,286.797,409.1933,,,453.8263,78.6326,,,0.0,1.0,0.0582,0.0014
FDSA,1.0,0.3,462.2999,86.8006,352.1014,567.0785,,,520.4527,146.4494,,,0.0,1.0,0.0803,0.0268
FDSA,1.0,0.6,571.462,224.8492,333.6907,943.9317,,,835.7575,703.4733,,,0.0,0.8,0.0694,0.0125
FDSA,1.0,1.0,1024.1791,744.0812,394.2129,2205.7364,,,2522.2512,2815.9655,,,0.0,0.4,0.0603,0.0043
FiniteDiffCentral,0.2,0.001,446.2352,211.1597,124.5446,676.3482,,,558.9696,206.7111,,,0.0,1.0,0.0741,0.001
FiniteDiffCentral,0.2,0.01,439.5075,208.2144,116.5727,660.6689,,,552.398,199.0866,,,0.0,1.0,0.077,0.0034
FiniteDiffCentral,0.2,0.1,398.8916,166.241,112.8889,521.7471,,,510.5064,148.642,,,0.0,1.0,0.0833,0.014
FiniteDiffCentral,0.2,0.3,435.8274,212.5425,108.1298,688.2791,,,548.6312,201.4704,,,0.0,1.0,0.0772,0.0069
FiniteDiffCentral,0.2,0.6,449.6087,229.0026,106.4207,725.1461,,,565.1839,223.2946,,,0.0,1.0,0.0726,0.0011
FiniteDiffCentral,0.2,1.0,442.1665,218.9337,107.2885,659.0513,,,561.0098,208.9068,,,0.0,1.0,0.079,0.004
FiniteDiffCentral,0.5,0.001,1264.0707,666.3192,227.9267,1960.2718,,,1658.411,642.155,,,0.0,0.2,0.072,0.018
FiniteDiffCentral,0.5,0.01,1126.9048,532.6163,222.9077,1576.1832,,,1447.1601,387.8048,,,0.0,0.2,0.0647,0.0011
FiniteDiffCentral,0.5,0.1,1191.7191,401.0439,489.2543,1444.6017,,,1489.6982,328.5684,,,0.0,0.2,0.068,0.0029
FiniteDiffCentral,0.5,0.3,15122.1378,3088.55,10925.1276,18640.419,,,17994.4637,553.4543,,,0.0,0.0,0.0634,0.0007
FiniteDiffCentral,0.5,0.6,106855.669,5494.8364,101848.3089,116192.3119,,,136147.2985,685.7519,,,0.0,0.0,0.0632,0.0009
FiniteDiffCentral,0.5,1.0,609236.8922,10398.3518,591755.11,619671.4257,,,626904.3406,2453.0337,,,0.0,0.0,0.0637,0.0009
FiniteDiffCentral,1.0,0.001,2244.3019,1548.7902,779.7714,4772.2162,,,4408.7591,1452.5633,,,0.0,0.0,0.0522,0.0002
FiniteDiffCentral,1.0,0.01,3.2819052501388624e+37,7.338560412877131e+37,2190.2192,1.640952120228403e+38,,,4.154305942761873e+37,9.289307636803089e+37,,,0.0,0.0,0.053,0.0012
FiniteDiffCentral,1.0,0.1,7.525121377275578e+35,1.3990218515082628e+36,7.612236591880725e+32,3.2328961963932265e+36,,,7.525121377275578e+35,1.3990218515082628e+36,,,0.0,0.0,0.0505,0.0006
FiniteDiffCentral,1.0,0.3,6.805037057492841e+41,1.5215928193235492e+42,3.0756284791915664e+33,3.4024116878448517e+42,,,6.805037057492841e+41,1.5215928193235492e+42,,,0.0,0.0,0.0533,0.002
FiniteDiffCentral,1.0,0.6,1.0586100395543894e+37,2.3051795093823236e+37,8.863093344316877e+32,5.1819236664102945e+37,,,1.0586100395543894e+37,2.305179509382323e+37,,,0.0,0.0,0.0511,0.0015
FiniteDiffCentral,1.0,1.0,5.916723325705828e+25,8.555523719392254e+25,4.536131548910285e+21,1.9673833513443184e+26,,,5.922859575399945e+25,8.550231180603204e+25,,,0.0,0.0,0.0521,0.0027
GPUCB,0.2,0.001,140.5502,37.7656,98.227,194.9833,,,162.2561,36.0512,,,0.2,1.0,0.1403,0.0082
GPUCB,0.2,0.01,139.0347,35.4604,99.4658,190.8317,,,160.1202,34.7664,,,0.2,1.0,0.1275,0.0016
GPUCB,0.2,0.1,140.8545,29.3674,98.5375,171.5044,,,162.1614,26.7967,,,0.2,1.0,0.1279,0.0017
GPUCB,0.2,0.3,143.8931,31.4568,94.7158,175.7106,,,169.178,21.6933,,,0.2,1.0,0.129,0.004
GPUCB,0.2,0.6,143.8931,31.4568,94.7158,175.7106,,,170.4826,19.7886,,,0.2,1.0,0.1387,0.0137
GPUCB,0.2,1.0,143.8931,31.4568,94.7158,175.7106,,,170.4826,19.7886,,,0.2,1.0,0.1265,0.0022
GPUCB,0.5,0.001,361.1699,123.0542,238.3067,551.1637,,,422.9318,114.9631,,,0.0,1.0,0.1213,0.0071
GPUCB,0.5,0.01,356.9969,115.8694,243.0396,539.2251,,,417.2487,108.967,,,0.0,1.0,0.1171,0.0014
GPUCB,0.5,0.1,369.9955,98.7909,223.8587,473.7728,,,428.108,83.2524,,,0.0,1.0,0.12,0.0045
GPUCB,0.5,0.3,379.6347,105.3417,212.5996,474.8126,,,450.747,71.0562,,,0.0,1.0,0.1177,0.001
GPUCB,0.5,0.6,379.6347,105.3417,212.5996,474.8126,,,454.9883,63.5285,,,0.0,1.0,0.1306,0.0114
GPUCB,0.5,1.0,379.6347,105.3417,212.5996,474.8126,,,454.9883,63.5285,,,0.0,1.0,0.1189,0.0036
GPUCB,1.0,0.001,1847.8432,888.6093,1128.873,3326.6395,,,2265.7835,886.8006,,,0.0,0.0,0.1074,0.0014
GPUCB,1.0,0.01,1824.8714,840.7436,1168.5863,3247.7184,,,2235.5841,838.89,,,0.0,0.0,0.1139,0.0124
GPUCB,1.0,0.1,1956.6916,703.5637,913.5448,2820.0454,,,2378.3749,644.6523,,,0.0,0.0,0.1155,0.0065
GPUCB,1.0,0.3,2020.7744,740.2421,846.7377,2814.3124,,,2496.9927,582.9525,,,0.0,0.0,0.1138,0.0061
GPUCB,1.0,0.6,2020.7744,740.2421,846.7377,2814.3124,,,2523.8796,530.9336,,,0.0,0.0,0.1184,0.0044
GPUCB,1.0,1.0,2020.7744,740.2421,846.7377,2814.3124,,,2523.8796,530.9336,,,0.0,0.0,0.1191,0.0175
HeavyBall,0.2,0.001,0.0106,0.0014,0.0086,0.0118,,,0.2289,0.1166,,,1.0,1.0,0.0798,0.001
HeavyBall,0.2,0.01,0.0112,0.0014,0.0092,0.0126,,,0.2289,0.1166,,,1.0,1.0,0.0813,0.0015
HeavyBall,0.2,0.1,0.0466,0.0009,0.0457,0.0482,,,0.2642,0.0919,,,1.0,1.0,0.0805,0.0015
HeavyBall,0.2,0.3,0.0106,0.0013,0.0086,0.0118,,,1.1787,0.0684,,,1.0,1.0,0.0934,0.012
HeavyBall,0.2,0.6,0.0106,0.0013,0.0086,0.0118,,,16.3807,0.1981,,,1.0,1.0,0.0791,0.0017
HeavyBall,0.2,1.0,0.0106,0.0013,0.0086,0.0118,,,42.9214,0.2475,,,1.0,1.0,0.0811,0.0018
HeavyBall,0.5,0.001,0.0008,0.0001,0.0007,0.0009,,,0.1148,0.0687,,,1.0,1.0,0.0707,0.0018
HeavyBall,0.5,0.01,0.0009,0.0002,0.0006,0.0012,,,0.1148,0.0687,,,1.0,1.0,0.071,0.0022
HeavyBall,0.5,0.1,0.0012,0.0002,0.0009,0.0014,,,0.1148,0.0687,,,1.0,1.0,0.0747,0.0067
HeavyBall,0.5,0.3,0.0008,0.0001,0.0007,0.001,,,0.2015,0.0307,,,1.0,1.0,0.0699,0.0016
HeavyBall,0.5,0.6,0.0009,0.0002,0.0007,0.001,,,0.6602,0.0492,,,1.0,1.0,0.083,0.0107
HeavyBall,0.5,1.0,0.0009,0.0001,0.0007,0.001,,,1.7738,0.0679,,,1.0,1.0,0.0691,0.0015
HeavyBall,1.0,0.001,0.0001,0.0,0.0001,0.0001,,,0.0378,0.0275,,,1.0,1.0,0.0598,0.0036
HeavyBall,1.0,0.01,0.0001,0.0,0.0001,0.0001,,,0.0378,0.0275,,,1.0,1.0,0.0661,0.0041
HeavyBall,1.0,0.1,0.001,0.0006,0.0003,0.0017,,,0.0412,0.0259,,,1.0,1.0,0.0582,0.0011
HeavyBall,1.0,0.3,0.0001,0.0,0.0001,0.0001,,,0.1288,0.0548,,,1.0,1.0,0.0591,0.0016
HeavyBall,1.0,0.6,0.0001,0.0,0.0001,0.0001,,,0.4367,0.1895,,,1.0,1.0,0.0589,0.0021
HeavyBall,1.0,1.0,0.0001,0.0,0.0001,0.0001,,,1.1566,0.5194,,,1.0,1.0,0.0581,0.0008
KieferWolfowitz,0.2,0.001,0.6834,0.1852,0.4917,0.9449,,,0.9317,0.2171,,,1.0,1.0,0.0936,0.0015
KieferWolfowitz,0.2,0.01,4.3981,0.3134,4.0822,4.8637,,,5.2331,0.4304,,,1.0,1.0,0.1057,0.0116
KieferWolfowitz,0.2,0.1,69.7206,0.49,69.2323,70.4619,,,79.3722,0.6882,,,1.0,1.0,0.0994,0.0069
KieferWolfowitz,0.2,0.3,79.1908,0.5059,78.6843,79.95,,,79.7984,0.6079,,,1.0,1.0,0.0931,0.0014
KieferWolfowitz,0.2,0.6,79.18,0.4947,78.6766,79.9164,,,79.8594,0.6297,,,1.0,1.0,0.0945,0.0008
KieferWolfowitz,0.2,1.0,79.1805,0.5002,78.6887,79.9396,,,79.8765,0.6197,,,1.0,1.0,0.1026,0.0216
KieferWolfowitz,0.5,0.001,0.4523,0.1369,0.294,0.6106,,,0.6432,0.1793,,,1.0,1.0,0.0855,0.0008
KieferWolfowitz,0.5,0.01,4.266,0.327,3.9054,4.738,,,5.2797,0.5018,,,1.0,1.0,0.0884,0.0064
KieferWolfowitz,0.5,0.1,134.5646,0.885,133.5073,135.8444,,,157.9873,1.4266,,,0.0,1.0,0.0844,0.0017
KieferWolfowitz,0.5,0.3,157.6612,1.1083,156.6181,159.4116,,,159.1558,1.3869,,,0.0,1.0,0.0916,0.0028
KieferWolfowitz,0.5,0.6,157.6175,1.0899,156.1342,159.0702,,,159.4482,1.5955,,,0.0,1.0,0.0851,0.0014
KieferWolfowitz,0.5,1.0,157.6674,1.0393,156.6985,159.1146,,,159.7476,1.4856,,,0.0,1.0,0.0829,0.0011
KieferWolfowitz,1.0,0.001,0.2338,0.0848,0.1351,0.333,,,0.3594,0.116,,,1.0,1.0,0.0814,0.014
KieferWolfowitz,1.0,0.01,4.0601,0.4129,3.6766,4.6651,,,5.3996,0.6452,,,1.0,1.0,0.0745,0.0011
KieferWolfowitz,1.0,0.1,404.1317,2.7816,400.943,408.277,,,500.0318,5.0182,,,0.0,1.0,0.0748,0.0012
KieferWolfowitz,1.0,0.3,498.2821,4.037,493.6208,504.5414,,,505.0866,4.5353,,,0.0,1.0,0.074,0.0016
KieferWolfowitz,1.0,0.6,497.0943,4.6612,492.6409,504.3207,,,505.9065,5.7157,,,0.0,1.0,0.0731,0.0013
KieferWolfowitz,1.0,1.0,498.516,4.4055,494.1446,504.476,,,508.0531,6.4738,,,0.0,1.0,0.0739,0.0012
NedicSubgradient,0.2,0.001,0.5757,0.1783,0.2885,0.7727,,,0.8057,0.2278,,,1.0,1.0,0.0803,0.0027
NedicSubgradient,0.2,0.01,4.4984,0.4144,4.0281,5.0083,,,5.2396,0.6476,,,1.0,1.0,0.0809,0.0029
NedicSubgradient,0.2,0.1,69.9002,0.657,69.1678,70.7107,,,79.407,1.0328,,,1.0,1.0,0.0865,0.0033
NedicSubgradient,0.2,0.3,79.3738,0.6714,78.6303,80.2069,,,80.0574,0.6756,,,1.0,1.0,0.079,0.0019
NedicSubgradient,0.2,0.6,79.3739,0.6718,78.6338,80.2156,,,80.107,0.6295,,,1.0,1.0,0.0783,0.0018
NedicSubgradient,0.2,1.0,79.3735,0.6721,78.636,80.2272,,,80.1237,0.6175,,,1.0,1.0,0.0856,0.0041
NedicSubgradient,0.5,0.001,0.358,0.1326,0.1479,0.5033,,,0.5369,0.1794,,,1.0,1.0,0.0693,0.0008
NedicSubgradient,0.5,0.01,4.3561,0.4846,3.7663,4.953,,,5.2605,0.7877,,,1.0,1.0,0.0709,0.0012
NedicSubgradient,0.5,0.1,134.7686,1.4231,133.0746,136.7402,,,158.0515,2.2983,,,0.0,1.0,0.0705,0.0007
NedicSubgradient,0.5,0.3,157.3938,1.8809,155.4914,160.2253,,,159.7552,1.4828,,,0.0,1.0,0.0717,0.0022
NedicSubgradient,0.5,0.6,157.2285,1.9226,155.1318,160.2325,,,160.0787,1.2108,,,0.0,1.0,0.0701,0.0021
NedicSubgradient,0.5,1.0,157.1001,1.9916,154.9454,160.2023,,,160.2783,1.4343,,,0.0,1.0,0.0714,0.0058
NedicSubgradient,1.0,0.001,0.1772,0.0794,0.0525,0.2616,,,0.2972,0.1195,,,1.0,1.0,0.0589,0.0014
NedicSubgradient,1.0,0.01,4.1369,0.5575,3.3572,4.7917,,,5.2973,0.9325,,,1.0,1.0,0.0589,0.0011
NedicSubgradient,1.0,0.1,395.8282,12.2826,378.8034,407.2431,,,489.4018,11.9576,,,0.0,1.0,0.0587,0.0017
NedicSubgradient,1.0,0.3,478.0608,22.6441,447.8252,501.3642,,,501.8102,5.5386,,,0.0,1.0,0.0588,0.0029
NedicSubgradient,1.0,0.6,461.8408,17.8333,447.0349,487.5332,,,504.2823,6.2941,,,0.0,1.0,0.0569,0.0009
NedicSubgradient,1.0,1.0,457.4514,26.0276,416.8607,481.4247,,,507.676,6.5952,,,0.0,1.0,0.0585,0.0017
Nesterov,0.2,0.001,0.007,0.0008,0.006,0.008,,,0.2289,0.1166,,,1.0,1.0,0.0807,0.0008
Nesterov,0.2,0.01,0.0097,0.0005,0.0091,0.0104,,,0.2289,0.1166,,,1.0,1.0,0.0805,0.0011
Nesterov,0.2,0.1,0.1053,0.001,0.1044,0.1069,,,0.3554,0.0417,,,1.0,1.0,0.0807,0.0014
Nesterov,0.2,0.3,0.0069,0.0008,0.006,0.0079,,,12.9012,0.2032,,,1.0,1.0,0.0832,0.0031
Nesterov,0.2,0.6,0.0069,0.0008,0.006,0.0079,,,45.716,0.1894,,,1.0,1.0,0.0929,0.0167
Nesterov,0.2,1.0,0.0069,0.0008,0.006,0.0079,,,60.6099,0.2973,,,1.0,1.0,0.081,0.0018
Nesterov,0.5,0.001,0.0003,0.0,0.0002,0.0003,,,0.1148,0.0687,,,1.0,1.0,0.0718,0.0013
Nesterov,0.5,0.01,0.0002,0.0,0.0002,0.0003,,,0.1148,0.0687,,,1.0,1.0,0.0714,0.0012
Nesterov,0.5,0.1,0.0006,0.0,0.0005,0.0006,,,0.1163,0.0673,,,1.0,1.0,0.0711,0.0009
Nesterov,0.5,0.3,0.0003,0.0,0.0002,0.0003,,,0.357,0.0271,,,1.0,1.0,0.0763,0.0141
Nesterov,0.5,0.6,0.0002,0.0,0.0002,0.0003,,,1.3175,0.0406,,,1.0,1.0,0.0719,0.0012
Nesterov,0.5,1.0,0.0002,0.0,0.0002,0.0003,,,3.672,0.0714,,,1.0,1.0,0.0705,0.0022
Nesterov,1.0,0.001,0.0001,0.0,0.0,0.0001,,,0.0378,0.0275,,,1.0,1.0,0.0643,0.0017
Nesterov,1.0,0.01,0.0001,0.0,0.0001,0.0001,,,0.0378,0.0275,,,1.0,1.0,0.062,0.0041
Nesterov,1.0,0.1,0.0035,0.0025,0.0008,0.0065,,,0.0471,0.0244,,,1.0,1.0,0.0609,0.0023
Nesterov,1.0,0.3,0.0001,0.0,0.0,0.0001,,,0.2364,0.1036,,,1.0,1.0,0.0592,0.0008
Nesterov,1.0,0.6,0.0001,0.0,0.0,0.0001,,,0.8696,0.4048,,,1.0,1.0,0.0643,0.01
Nesterov,1.0,1.0,0.0001,0.0,0.0,0.0001,,,2.3564,1.1228,,,1.0,1.0,0.0595,0.001
OnePointSPSA,0.2,0.001,6.7368,1.1176,5.7369,8.4363,,,10.0429,2.0837,,,1.0,1.0,0.0888,0.0014
OnePointSPSA,0.2,0.01,7.6683,0.8051,6.5394,8.7575,,,11.7175,2.4113,,,1.0,1.0,0.1014,0.0136
OnePointSPSA,0.2,0.1,68.5337,4.5232,61.035,73.247,,,80.5558,6.2606,,,1.0,1.0,0.0933,0.01
OnePointSPSA,0.2,0.3,77.9435,4.6434,70.2363,82.7676,,,83.6402,4.0978,,,1.0,1.0,0.0879,0.0007
OnePointSPSA,0.2,0.6,77.9216,4.6344,70.2389,82.7475,,,84.129,3.5841,,,1.0,1.0,0.0884,0.0012
OnePointSPSA,0.2,1.0,77.9214,4.6111,70.2661,82.7144,,,84.1366,3.5747,,,1.0,1.0,0.0966,0.0186
OnePointSPSA,0.5,0.001,8.8103,1.7044,6.5022,10.5223,,,13.3076,2.9922,,,1.0,1.0,0.0808,0.0017
OnePointSPSA,0.5,0.01,10.0693,2.1558,8.2039,13.5069,,,16.0474,4.318,,,1.0,1.0,0.0809,0.0028
OnePointSPSA,0.5,0.1,128.2223,14.0481,104.9383,140.8934,,,157.3703,20.8592,,,0.0,1.0,0.0878,0.0068
OnePointSPSA,0.5,0.3,150.5125,15.7313,123.761,163.9375,,,166.8038,9.8128,,,0.0,1.0,0.0872,0.0035
OnePointSPSA,0.5,0.6,149.2219,13.7847,126.3021,162.0208,,,167.0018,6.8836,,,0.0,1.0,0.0788,0.001
OnePointSPSA,0.5,1.0,149.4966,13.7596,125.7316,161.4678,,,167.7009,6.3102,,,0.0,1.0,0.0808,0.0017
OnePointSPSA,1.0,0.001,15.0734,6.2239,7.0104,23.5724,,,25.0367,11.2485,,,1.0,1.0,0.0704,0.001
OnePointSPSA,1.0,0.01,17.4379,6.1321,11.6579,27.737,,,30.8437,10.8377,,,1.0,1.0,0.0724,0.0021
OnePointSPSA,1.0,0.1,381.1677,49.3434,302.4167,434.5871,,,501.534,84.2164,,,0.0,1.0,0.0696,0.0007
OnePointSPSA,1.0,0.3,469.4736,51.6796,386.3256,527.1625,,,539.7219,44.059,,,0.0,1.0,0.0688,0.0008
OnePointSPSA,1.0,0.6,469.1284,54.505,379.7992,528.7595,,,544.7514,34.6201,,,0.0,1.0,0.0701,0.0022
OnePointSPSA,1.0,1.0,472.7607,53.7876,382.965,526.119,,,552.2791,28.7117,,,0.0,1.0,0.069,0.0007
ProxSGD,0.2,0.001,0.0247,0.0009,0.0241,0.0263,,,0.2289,0.1166,,,1.0,1.0,0.081,0.0014
ProxSGD,0.2,0.01,0.0743,0.0011,0.0735,0.0762,,,0.2289,0.1166,,,1.0,1.0,0.0819,0.0009
ProxSGD,0.2,0.1,34.3028,0.2257,33.9927,34.4942,,,38.8337,0.2304,,,1.0,1.0,0.0818,0.0023
ProxSGD,0.2,0.3,42.5943,0.3102,42.1857,42.8908,,,65.258,0.2842,,,1.0,1.0,0.0889,0.0058
ProxSGD,0.2,0.6,42.5406,0.333,42.1078,42.8689,,,72.1417,0.2859,,,1.0,1.0,0.0817,0.0015
ProxSGD,0.2,1.0,42.5221,0.3431,42.0767,42.8687,,,74.9955,0.3228,,,1.0,1.0,0.0813,0.0015
ProxSGD,0.5,0.001,0.0006,0.0,0.0006,0.0006,,,0.1148,0.0687,,,1.0,1.0,0.0718,0.0012
ProxSGD,0.5,0.01,0.0005,0.0,0.0005,0.0005,,,0.1148,0.0687,,,1.0,1.0,0.0731,0.0015
ProxSGD,0.5,0.1,0.0463,0.0002,0.0461,0.0467,,,0.1148,0.0687,,,1.0,1.0,0.0735,0.0026
ProxSGD,0.5,0.3,0.0006,0.0,0.0006,0.0006,,,1.1434,0.0025,,,1.0,1.0,0.07,0.001
ProxSGD,0.5,0.6,0.0006,0.0,0.0006,0.0006,,,8.5709,0.0162,,,1.0,1.0,0.0849,0.0103
ProxSGD,0.5,1.0,0.0006,0.0,0.0006,0.0006,,,28.0787,0.0689,,,1.0,1.0,0.0708,0.0014
ProxSGD,1.0,0.001,0.0003,0.0002,0.0001,0.0006,,,0.0378,0.0275,,,1.0,1.0,0.0716,0.0161
ProxSGD,1.0,0.01,0.0019,0.0014,0.0005,0.0036,,,0.0378,0.0275,,,1.0,1.0,0.0768,0.0323
ProxSGD,1.0,0.1,0.0942,0.0688,0.0224,0.178,,,0.0979,0.0709,,,1.0,1.0,0.0645,0.0016
ProxSGD,1.0,0.3,0.0002,0.0001,0.0001,0.0004,,,0.8025,0.5869,,,1.0,1.0,0.0593,0.001
ProxSGD,1.0,0.6,0.0002,0.0001,0.0001,0.0004,,,3.1352,2.2948,,,1.0,1.0,0.0607,0.0025
ProxSGD,1.0,1.0,0.0002,0.0001,0.0001,0.0004,,,8.5667,6.2617,,,1.0,1.0,0.0613,0.0025
QuadraticInterpolation,0.2,0.001,31.5292,6.8066,23.987,42.2177,,,37.1263,6.8172,,,1.0,1.0,0.0796,0.0031
QuadraticInterpolation,0.2,0.01,24.3614,7.3059,15.7554,35.3994,,,30.0172,7.4488,,,1.0,1.0,0.076,0.0003
QuadraticInterpolation,0.2,0.1,81.0754,21.9427,61.0177,114.7797,,,96.423,19.8237,,,0.8,1.0,0.0875,0.0226
QuadraticInterpolation,0.2,0.3,89.9906,26.5556,61.5207,120.6892,,,105.5151,22.0988,,,0.4,1.0,0.077,0.0016
QuadraticInterpolation,0.2,0.6,84.4884,16.3254,62.8983,100.7351,,,100.087,12.4718,,,0.6,1.0,0.0804,0.0035
QuadraticInterpolation,0.2,1.0,82.1933,17.2357,65.8699,107.5642,,,96.6678,16.0544,,,0.8,1.0,0.0776,0.0013
QuadraticInterpolation,0.5,0.001,53.0774,34.4305,24.0893,112.2093,,,71.7588,36.3021,,,0.8,1.0,0.0678,0.0013
QuadraticInterpolation,0.5,0.01,79.2702,42.0847,24.9773,133.2493,,,101.3925,46.4949,,,0.6,1.0,0.0757,0.0039
QuadraticInterpolation,0.5,0.1,51.3918,24.8927,19.9195,80.0495,,,60.7516,26.7115,,,1.0,1.0,0.068,0.0011
QuadraticInterpolation,0.5,0.3,132.7602,57.3638,32.0913,170.1015,,,174.672,40.1124,,,0.2,1.0,0.0759,0.0119
QuadraticInterpolation,0.5,0.6,190.7073,48.9694,140.4062,262.2761,,,221.5776,42.8403,,,0.0,1.0,0.0714,0.0063
QuadraticInterpolation,0.5,1.0,221.791,44.6861,170.5067,273.3211,,,257.4726,56.9208,,,0.0,1.0,0.0672,0.001
QuadraticInterpolation,1.0,0.001,97.7841,54.8089,31.1084,177.5548,,,156.6587,109.5663,,,0.4,1.0,0.0641,0.0046
QuadraticInterpolation,1.0,0.01,143.896,63.6015,43.0321,208.3646,,,201.2855,78.0019,,,0.2,1.0,0.0598,0.004
QuadraticInterpolation,1.0,0.1,125.0023,72.5959,21.886,194.7201,,,178.7388,87.4129,,,0.4,1.0,0.0582,0.0021
QuadraticInterpolation,1.0,0.3,540.7046,214.8544,338.0815,852.2237,,,678.9721,218.0848,,,0.0,1.0,0.0563,0.0015
QuadraticInterpolation,1.0,0.6,523.3082,190.9838,337.4688,836.7689,,,712.7677,144.0433,,,0.0,1.0,0.0562,0.0012
QuadraticInterpolation,1.0,1.0,628.4463,209.8069,350.6299,831.645,,,797.9744,198.2792,,,0.0,1.0,0.0572,0.0015
RDA,0.2,0.001,0.0247,0.0009,0.0241,0.0263,,,0.2289,0.1166,,,1.0,1.0,0.0814,0.0014
RDA,0.2,0.01,0.0743,0.0011,0.0735,0.0762,,,0.2289,0.1166,,,1.0,1.0,0.082,0.0013
RDA,0.2,0.1,34.295,0.0802,34.1657,34.3652,,,38.8258,0.078,,,1.0,1.0,0.0894,0.0061
RDA,0.2,0.3,42.639,0.0788,42.515,42.7094,,,65.3062,0.0496,,,1.0,1.0,0.0844,0.0081
RDA,0.2,0.6,42.6051,0.0777,42.4835,42.6747,,,72.2123,0.0403,,,1.0,1.0,0.0806,0.0011
RDA,0.2,1.0,42.6051,0.0777,42.4835,42.6747,,,75.0869,0.0141,,,1.0,1.0,0.0834,0.004
RDA,0.5,0.001,0.0006,0.0,0.0006,0.0006,,,0.1148,0.0687,,,1.0,1.0,0.0756,0.0019
RDA,0.5,0.01,0.0005,0.0,0.0005,0.0005,,,0.1148,0.0687,,,1.0,1.0,0.0716,0.0005
RDA,0.5,0.1,0.0463,0.0002,0.0461,0.0467,,,0.1148,0.0687,,,1.0,1.0,0.0769,0.0028
RDA,0.5,0.3,0.0006,0.0,0.0006,0.0006,,,1.1434,0.0024,,,1.0,1.0,0.0719,0.0007
RDA,0.5,0.6,0.0006,0.0,0.0006,0.0006,,,8.5714,0.0165,,,1.0,1.0,0.0713,0.0015
RDA,0.5,1.0,0.0006,0.0,0.0006,0.0006,,,28.0871,0.0087,,,1.0,1.0,0.076,0.0036
RDA,1.0,0.001,0.0003,0.0002,0.0001,0.0006,,,0.0378,0.0275,,,1.0,1.0,0.0606,0.0007
RDA,1.0,0.01,0.0019,0.0014,0.0005,0.0036,,,0.0378,0.0275,,,1.0,1.0,0.0615,0.001
RDA,1.0,0.1,0.0942,0.0688,0.0224,0.178,,,0.0979,0.0709,,,1.0,1.0,0.0728,0.0156
RDA,1.0,0.3,0.0002,0.0001,0.0001,0.0004,,,0.8024,0.5869,,,1.0,1.0,0.0619,0.0019
RDA,1.0,0.6,0.0002,0.0001,0.0001,0.0004,,,3.1352,2.2948,,,1.0,1.0,0.063,0.0023
RDA,1.0,1.0,0.0002,0.0001,0.0001,0.0004,,,8.5656,6.2621,,,1.0,1.0,0.0634,0.0016
RandomSearch,0.2,0.001,2.0119,0.1199,1.9025,2.199,,,4.7996,0.4103,,,1.0,1.0,0.0756,0.0018
RandomSearch,0.2,0.01,3.2329,0.9588,1.9876,4.658,,,6.452,0.9955,,,1.0,1.0,0.0775,0.0047
RandomSearch,0.2,0.1,69.2153,2.0013,65.7506,70.7427,,,81.3905,2.1287,,,1.0,1.0,0.0737,0.0019
RandomSearch,0.2,0.3,78.9293,1.4944,76.419,80.2314,,,84.4541,1.4739,,,1.0,1.0,0.0748,0.0019
RandomSearch,0.2,0.6,79.4429,0.5736,78.9145,80.2314,,,85.4023,1.5378,,,1.0,1.0,0.0757,0.0026
RandomSearch,0.2,1.0,79.4429,0.5736,78.9145,80.2314,,,85.4023,1.5378,,,1.0,1.0,0.0727,0.0009
RandomSearch,0.5,0.001,1.5539,0.0873,1.4728,1.6795,,,4.3002,0.3793,,,1.0,1.0,0.0656,0.0004
RandomSearch,0.5,0.01,4.4185,0.8842,2.9159,5.2521,,,8.68,1.3951,,,1.0,1.0,0.0722,0.0079
RandomSearch,0.5,0.1,135.5437,1.3632,134.2837,137.4127,,,165.5328,3.9007,,,0.0,1.0,0.0699,0.0088
RandomSearch,0.5,0.3,158.696,1.4315,157.376,160.6607,,,172.6223,1.8019,,,0.0,1.0,0.0748,0.0073
RandomSearch,0.5,0.6,158.696,1.4315,157.376,160.6607,,,173.7111,3.9154,,,0.0,1.0,0.0642,0.0014
RandomSearch,0.5,1.0,158.696,1.4315,157.376,160.6607,,,173.7111,3.9154,,,0.0,1.0,0.0642,0.0018
RandomSearch,1.0,0.001,1.3104,0.0854,1.1848,1.4047,,,4.7534,0.5345,,,1.0,1.0,0.054,0.0017
RandomSearch,1.0,0.01,5.1238,1.0951,3.3902,6.1784,,,11.6848,1.5707,,,1.0,1.0,0.0535,0.0012
RandomSearch,1.0,0.1,408.5944,5.4883,403.5023,416.0908,,,532.1317,16.7448,,,0.0,1.0,0.0527,0.0011
RandomSearch,1.0,0.3,497.7557,15.5396,471.7025,511.3453,,,557.0729,16.108,,,0.0,1.0,0.0543,0.0017
RandomSearch,1.0,0.6,503.0711,6.0447,497.4873,511.3453,,,567.4962,17.1002,,,0.0,1.0,0.0522,0.0018
RandomSearch,1.0,1.0,503.0711,6.0447,497.4873,511.3453,,,567.4962,17.1002,,,0.0,1.0,0.0533,0.002
SGD,0.2,0.001,0.0039,0.0004,0.0034,0.0044,,,0.2326,0.1171,,,1.0,1.0,0.0804,0.0018
SGD,0.2,0.01,0.0456,0.001,0.0449,0.0474,,,0.2326,0.1171,,,1.0,1.0,0.0865,0.0054
SGD,0.2,0.1,30.7117,0.2063,30.4899,30.9128,,,34.7551,0.2118,,,1.0,1.0,0.088,0.0138
SGD,0.2,0.3,38.8664,0.2762,38.5411,39.1215,,,63.8251,0.2648,,,1.0,1.0,0.0796,0.0018
SGD,0.2,0.6,38.8146,0.295,38.4636,39.0988,,,71.4607,0.2695,,,1.0,1.0,0.0803,0.0018
SGD,0.2,1.0,38.798,0.3019,38.4393,39.0984,,,74.6318,0.3024,,,1.0,1.0,0.0794,0.0023
SGD,0.5,0.001,0.0006,0.0,0.0006,0.0006,,,0.1178,0.0689,,,1.0,1.0,0.071,0.001
SGD,0.5,0.01,0.0005,0.0,0.0005,0.0006,,,0.1178,0.0689,,,1.0,1.0,0.0713,0.0019
SGD,0.5,0.1,0.04,0.0002,0.0399,0.0404,,,0.1178,0.0689,,,1.0,1.0,0.08,0.01
SGD,0.5,0.3,0.0006,0.0,0.0006,0.0006,,,1.0884,0.0023,,,1.0,1.0,0.0686,0.001
SGD,0.5,0.6,0.0006,0.0,0.0006,0.0006,,,8.3692,0.0158,,,1.0,1.0,0.0691,0.001
SGD,0.5,1.0,0.0006,0.0,0.0006,0.0006,,,27.7505,0.061,,,1.0,1.0,0.0695,0.0012
SGD,1.0,0.001,0.0,0.0,0.0,0.0,,,0.0466,0.0323,,,1.0,1.0,0.0578,0.001
SGD,1.0,0.01,0.0009,0.0006,0.0002,0.0016,,,0.0395,0.0274,,,1.0,1.0,0.0593,0.0047
SGD,1.0,0.1,0.0854,0.0624,0.0203,0.1614,,,0.0913,0.0623,,,1.0,1.0,0.0661,0.0063
SGD,1.0,0.3,0.0,0.0,0.0,0.0,,,0.7765,0.5679,,,1.0,1.0,0.0585,0.0016
SGD,1.0,0.6,0.0,0.0,0.0,0.0,,,3.0837,2.2571,,,1.0,1.0,0.0571,0.0015
SGD,1.0,1.0,0.0,0.0,0.0,0.0,,,8.4821,6.1993,,,1.0,1.0,0.0579,0.0016
SGD_Polyak,0.2,0.001,0.2564,0.0788,0.1727,0.3403,,,0.3042,0.0907,,,1.0,1.0,0.0814,0.0016
SGD_Polyak,0.2,0.01,4.2268,0.1556,4.0537,4.3714,,,4.8019,0.1589,,,1.0,1.0,0.0852,0.0017
SGD_Polyak,0.2,0.1,69.3105,0.2966,68.9809,69.5663,,,78.5705,0.303,,,1.0,1.0,0.0867,0.0032
SGD_Polyak,0.2,0.3,78.7079,0.3228,78.3498,78.9923,,,78.8017,0.3227,,,1.0,1.0,0.085,0.01
SGD_Polyak,0.2,0.6,78.6824,0.3324,78.314,78.9798,,,78.8413,0.3322,,,1.0,1.0,0.0799,0.0014
SGD_Polyak,0.2,1.0,78.672,0.3372,78.3003,78.9796,,,78.8797,0.3374,,,1.0,1.0,0.0837,0.002
SGD_Polyak,0.5,0.001,0.0676,0.0046,0.0633,0.0752,,,0.1197,0.0645,,,1.0,1.0,0.0737,0.002
SGD_Polyak,0.5,0.01,3.2965,0.0411,3.2489,3.3542,,,3.892,0.0432,,,1.0,1.0,0.0701,0.001
SGD_Polyak,0.5,0.1,123.5151,0.2943,123.1617,123.8404,,,144.8206,0.3101,,,0.0,1.0,0.0742,0.002
SGD_Polyak,0.5,0.3,138.8394,0.4167,138.351,139.2367,,,145.7329,0.4301,,,0.0,1.0,0.0702,0.001
SGD_Polyak,0.5,0.6,134.6558,0.4598,134.12,135.0644,,,146.229,0.485,,,0.0,1.0,0.0779,0.0105
SGD_Polyak,0.5,1.0,131.8095,0.4852,131.2398,132.2479,,,146.8665,0.5216,,,0.0,1.0,0.0726,0.0013
SGD_Polyak,1.0,0.001,0.0335,0.0172,0.0195,0.0633,,,0.0445,0.0233,,,1.0,1.0,0.0595,0.0015
SGD_Polyak,1.0,0.01,2.6965,0.4014,2.2148,3.1664,,,3.303,0.4894,,,1.0,1.0,0.0742,0.0092
SGD_Polyak,1.0,0.1,265.8394,39.2335,224.351,316.3376,,,326.1264,48.1678,,,0.0,1.0,0.0618,0.0032
SGD_Polyak,1.0,0.3,215.6707,70.001,144.4078,305.316,,,328.8285,48.2595,,,0.0,1.0,0.0626,0.0079
SGD_Polyak,1.0,0.6,167.5256,73.083,94.8803,260.534,,,330.2589,48.1859,,,0.4,1.0,0.0601,0.0019
SGD_Polyak,1.0,1.0,141.8209,72.1346,71.2664,233.1703,,,334.3855,47.442,,,0.4,1.0,0.0591,0.0015
SMD,0.2,0.001,0.7714,0.1684,0.5127,0.9101,,,0.8633,0.0678,,,1.0,1.0,0.0834,0.0026
SMD,0.2,0.01,3.2925,0.0207,3.2638,3.3072,,,3.8462,0.0182,,,1.0,1.0,0.0899,0.0051
SMD,0.2,0.1,67.9235,0.0036,67.919,67.9285,,,77.1628,0.0033,,,1.0,1.0,0.0907,0.0146
SMD,0.2,0.3,77.3528,0.0039,77.3482,77.3582,,,77.3529,0.0039,,,1.0,1.0,0.0817,0.0014
SMD,0.2,0.6,77.353,0.004,77.3482,77.3586,,,77.353,0.004,,,1.0,1.0,0.0809,0.0015
SMD,0.2,1.0,77.3531,0.0041,77.3483,77.3588,,,77.3531,0.0041,,,1.0,1.0,0.0877,0.0037
SMD,0.5,0.001,0.1829,0.0,0.1829,0.1829,,,0.7081,0.1395,,,1.0,1.0,0.0837,0.0124
SMD,0.5,0.01,2.9364,0.0099,2.9295,2.951,,,3.5692,0.0086,,,1.0,1.0,0.0733,0.0013
SMD,0.5,0.1,130.541,0.015,130.5199,130.5516,,,152.9509,0.0142,,,0.0,1.0,0.081,0.0144
SMD,0.5,0.3,153.4203,0.0142,153.4003,153.4303,,,153.4204,0.0141,,,0.0,1.0,0.0727,0.0008
SMD,0.5,0.6,153.4203,0.0141,153.4003,153.4303,,,153.4219,0.0147,,,0.0,1.0,0.0717,0.001
SMD,0.5,1.0,153.4203,0.0141,153.4003,153.4303,,,153.4247,0.0169,,,0.0,1.0,0.0858,0.0068
SMD,1.0,0.001,0.0775,0.01,0.0668,0.0885,,,0.5338,0.2086,,,1.0,1.0,0.0625,0.002
SMD,1.0,0.01,2.6791,0.1114,2.5562,2.8241,,,3.4373,0.129,,,1.0,1.0,0.0638,0.0014
SMD,1.0,0.1,388.787,0.0,388.787,388.787,,,479.042,0.0,,,0.0,1.0,0.066,0.0079
SMD,1.0,0.3,481.0,0.0,481.0,481.0,,,481.0,0.0,,,0.0,1.0,0.0686,0.006
SMD,1.0,0.6,481.0,0.0,481.0,481.0,,,481.0,0.0,,,0.0,1.0,0.0673,0.0019
SMD,1.0,1.0,481.0,0.0,481.0,481.0,,,481.0,0.0,,,0.0,1.0,0.0701,0.007
SPSA,0.2,0.001,6.6345,1.1646,5.5948,8.4587,,,9.8885,2.1884,,,1.0,1.0,0.0897,0.0015
SPSA,0.2,0.01,7.5951,0.7197,6.5981,8.553,,,11.5726,2.3644,,,1.0,1.0,0.0913,0.0015
SPSA,0.2,0.1,68.8593,4.544,61.3523,73.6387,,,80.7781,5.9818,,,1.0,1.0,0.0889,0.0015
SPSA,0.2,0.3,78.279,4.6578,70.5756,83.1642,,,83.8679,3.9435,,,1.0,1.0,0.0978,0.0064
SPSA,0.2,0.6,78.2682,4.6543,70.5761,83.1564,,,84.3069,3.422,,,1.0,1.0,0.0931,0.011
SPSA,0.2,1.0,78.2686,4.6429,70.5901,83.141,,,84.3112,3.4163,,,1.0,1.0,0.0889,0.0017
SPSA,0.5,0.001,8.5727,1.8399,6.1772,10.7445,,,13.1387,3.6745,,,1.0,1.0,0.0834,0.0034
SPSA,0.5,0.01,10.0587,1.9563,8.0699,13.1764,,,16.1651,4.2547,,,1.0,1.0,0.082,0.0026
SPSA,0.5,0.1,129.0944,12.7836,107.6857,140.3899,,,158.0209,19.5969,,,0.0,1.0,0.0847,0.0026
SPSA,0.5,0.3,151.1526,14.3599,127.0327,163.9686,,,167.0068,9.4462,,,0.0,1.0,0.0795,0.0013
SPSA,0.5,0.6,150.7406,13.764,127.8608,163.5338,,,168.2882,7.6729,,,0.0,1.0,0.087,0.0162
SPSA,0.5,1.0,151.0419,13.4674,128.1027,163.4924,,,169.0969,7.0129,,,0.0,1.0,0.0861,0.0024
SPSA,1.0,0.001,14.4064,5.242,7.2365,20.4118,,,23.6937,10.0354,,,1.0,1.0,0.0703,0.0009
SPSA,1.0,0.01,17.0272,5.3356,11.5622,25.7614,,,30.194,9.8145,,,1.0,1.0,0.071,0.002
SPSA,1.0,0.1,383.2555,47.026,311.8676,436.0337,,,506.9546,84.001,,,0.0,1.0,0.082,0.0086
SPSA,1.0,0.3,468.2641,56.3939,376.4004,529.673,,,540.1259,44.8228,,,0.0,1.0,0.0773,0.0064
SPSA,1.0,0.6,466.1756,52.6637,382.8494,527.643,,,541.8899,34.9866,,,0.0,1.0,0.0782,0.0077
SPSA,1.0,1.0,471.1736,53.5193,380.0105,519.4784,,,550.1725,25.9544,,,0.0,1.0,0.0769,0.0006
SignSGD,0.2,0.001,0.0659,0.0012,0.0642,0.0671,,,0.2289,0.1166,,,1.0,1.0,0.0916,0.0102
SignSGD,0.2,0.01,0.066,0.0003,0.0656,0.0662,,,0.2289,0.1166,,,1.0,1.0,0.0794,0.0011
SignSGD,0.2,0.1,0.0795,0.0018,0.0768,0.0815,,,0.2327,0.1126,,,1.0,1.0,0.0787,0.0009
SignSGD,0.2,0.3,0.065,0.001,0.0639,0.0664,,,9.586,0.1788,,,1.0,1.0,0.0792,0.0007
SignSGD,0.2,0.6,0.065,0.001,0.0639,0.0664,,,41.6792,0.1704,,,1.0,1.0,0.0865,0.0072
SignSGD,0.2,1.0,0.065,0.001,0.0639,0.0664,,,56.5062,0.1792,,,1.0,1.0,0.0787,0.0012
SignSGD,0.5,0.001,0.0222,0.0004,0.0216,0.0227,,,0.1148,0.0687,,,1.0,1.0,0.0738,0.0058
SignSGD,0.5,0.01,0.0224,0.0,0.0224,0.0225,,,0.1148,0.0687,,,1.0,1.0,0.0802,0.0122
SignSGD,0.5,0.1,0.0292,0.0008,0.0284,0.0303,,,0.1148,0.0687,,,1.0,1.0,0.0696,0.0007
SignSGD,0.5,0.3,0.022,0.0008,0.0213,0.0232,,,11.3205,0.2633,,,1.0,1.0,0.0693,0.001
SignSGD,0.5,0.6,0.022,0.0008,0.0213,0.0232,,,70.894,0.4277,,,1.0,1.0,0.069,0.0006
SignSGD,0.5,1.0,0.022,0.0008,0.0213,0.0232,,,103.6878,0.4853,,,1.0,1.0,0.0692,0.0019
SignSGD,1.0,0.001,0.0054,0.001,0.0043,0.0067,,,0.0378,0.0275,,,1.0,1.0,0.0615,0.0016
SignSGD,1.0,0.01,0.0059,0.0012,0.0045,0.0078,,,0.0378,0.0275,,,1.0,1.0,0.0606,0.0018
SignSGD,1.0,0.1,0.0117,0.0054,0.0077,0.0193,,,0.0456,0.0248,,,1.0,1.0,0.0638,0.0116
SignSGD,1.0,0.3,0.0055,0.0014,0.0039,0.007,,,15.0795,0.2607,,,1.0,1.0,0.0578,0.0016
SignSGD,1.0,0.6,0.0055,0.0014,0.0039,0.007,,,171.599,1.8026,,,1.0,1.0,0.0586,0.0018
SignSGD,1.0,1.0,0.0055,0.0014,0.0039,0.007,,,284.8801,2.3221,,,1.0,1.0,0.0576,0.0009
ZOSGD,0.2,0.001,0.5301,0.1682,0.2633,0.71,,,0.7382,0.1848,,,1.0,1.0,0.0804,0.0013
ZOSGD,0.2,0.01,4.3618,0.3835,3.8812,4.8681,,,5.0947,0.5936,,,1.0,1.0,0.0796,0.0017
ZOSGD,0.2,0.1,69.7081,0.6021,69.0067,70.5346,,,79.2347,0.9529,,,1.0,1.0,0.082,0.0025
ZOSGD,0.2,0.3,79.1816,0.6518,78.4484,80.0898,,,79.9512,0.6268,,,1.0,1.0,0.0827,0.0029
ZOSGD,0.2,0.6,79.1651,0.6698,78.4841,80.1176,,,79.9936,0.5819,,,1.0,1.0,0.0881,0.0125
ZOSGD,0.2,1.0,79.1681,0.6602,78.553,80.1375,,,80.0121,0.5609,,,1.0,1.0,0.0821,0.0061
ZOSGD,0.5,0.001,0.292,0.1015,0.1298,0.3786,,,0.4064,0.1121,,,1.0,1.0,0.0718,0.0018
ZOSGD,0.5,0.01,3.6462,0.3374,3.103,4.0054,,,4.4046,0.395,,,1.0,1.0,0.0713,0.0016
ZOSGD,0.5,0.1,127.7726,6.6353,119.5523,135.325,,,150.6801,6.9821,,,0.0,1.0,0.0714,0.0007
ZOSGD,0.5,0.3,141.1357,16.102,115.5338,158.0766,,,155.6734,4.4714,,,0.0,1.0,0.0759,0.0089
ZOSGD,0.5,0.6,145.3455,9.578,135.1722,155.5465,,,159.269,1.5803,,,0.0,1.0,0.0782,0.0055
ZOSGD,0.5,1.0,144.5068,8.5194,133.2363,153.5514,,,160.0398,1.4668,,,0.0,1.0,0.0718,0.0023
ZOSGD,1.0,0.001,0.1364,0.0558,0.0446,0.1765,,,0.2029,0.0632,,,1.0,1.0,0.0611,0.0011
ZOSGD,1.0,0.01,3.2579,0.6041,2.2781,3.8228,,,4.0658,0.6749,,,1.0,1.0,0.0754,0.0023
ZOSGD,1.0,0.1,356.8761,62.1578,279.5055,408.4569,,,444.9331,77.9355,,,0.0,1.0,0.0643,0.0021
ZOSGD,1.0,0.3,376.419,124.5016,178.6356,494.0448,,,448.5052,55.84,,,0.0,1.0,0.0635,0.0022
ZOSGD,1.0,0.6,393.3263,40.4979,356.852,443.0533,,,477.2778,7.4176,,,0.0,1.0,0.0642,0.0024
ZOSGD,1.0,1.0,395.7818,33.1527,357.1676,424.8349,,,493.5515,10.9613,,,0.0,1.0,0.0644,0.0012
ZOSignSGD,0.2,0.001,0.4566,0.1458,0.287,0.6497,,,0.6403,0.1403,,,1.0,1.0,0.0909,0.0122
ZOSignSGD,0.2,0.01,3.7159,0.3173,3.215,4.0523,,,4.3583,0.3609,,,1.0,1.0,0.0787,0.001
ZOSignSGD,0.2,0.1,68.5964,1.2578,66.7995,70.2435,,,78.0183,1.3592,,,1.0,1.0,0.0788,0.0012
ZOSignSGD,0.2,0.3,77.3633,2.2249,74.6148,80.1832,,,79.6832,0.6816,,,1.0,1.0,0.0793,0.003
ZOSignSGD,0.2,0.6,77.963,1.6938,75.8634,80.1255,,,79.8848,0.5388,,,1.0,1.0,0.0828,0.0042
ZOSignSGD,0.2,1.0,77.7617,0.7083,76.7271,78.4781,,,79.974,0.5423,,,1.0,1.0,0.0777,0.0013
ZOSignSGD,0.5,0.001,0.278,0.0662,0.2012,0.3676,,,0.3617,0.0741,,,1.0,1.0,0.0697,0.0004
ZOSignSGD,0.5,0.01,3.0148,0.6077,2.2795,3.7676,,,3.6037,0.6352,,,1.0,1.0,0.0761,0.0051
ZOSignSGD,0.5,0.1,128.8313,5.5391,122.1878,135.7073,,,151.18,6.133,,,0.0,1.0,0.0701,0.0006
ZOSignSGD,0.5,0.3,152.3794,1.5165,150.3953,154.6537,,,157.646,2.0132,,,0.0,1.0,0.0682,0.0011
ZOSignSGD,0.5,0.6,151.3591,4.0728,145.7741,156.0754,,,159.5577,1.5416,,,0.0,1.0,0.0709,0.0027
ZOSignSGD,0.5,1.0,149.3801,2.7612,145.1491,151.9078,,,159.9807,1.7563,,,0.0,1.0,0.0694,0.0009
ZOSignSGD,1.0,0.001,0.1377,0.0699,0.0621,0.2495,,,0.1946,0.0894,,,1.0,1.0,0.0692,0.0164
ZOSignSGD,1.0,0.01,3.1772,0.9765,1.4401,3.7421,,,4.0254,1.1102,,,1.0,1.0,0.0605,0.0015
ZOSignSGD,1.0,0.1,393.5183,17.5745,371.1504,413.6702,,,487.1054,21.4771,,,0.0,1.0,0.061,0.0032
ZOSignSGD,1.0,0.3,475.0939,21.239,440.1895,493.9924,,,494.1666,14.5843,,,0.0,1.0,0.0588,0.0018
ZOSignSGD,1.0,0.6,474.5201,17.2184,450.1747,493.504,,,506.1439,5.2752,,,0.0,1.0,0.0618,0.0096
ZOSignSGD,1.0,1.0,469.5651,13.0751,454.5571,488.8296,,,507.7641,6.9274,,,0.0,1.0,0.0602,0.0026
